index_group_name,transactions,share
Ladieswear,20415260,0.642225
Divided,7138254,0.224556
Menswear,1771053,0.055714
Sport,1246408,0.03921
Baby/Children,1217349,0.038295
