age_bucket,customers,share
20_to_29,528358,0.385106
30_to_39,234068,0.170606
50_to_59,226242,0.164902
40_to_49,204118,0.148776
60_plus,91750,0.066874
under_20,71583,0.052175
unknown,15861,0.011561
