sales_channel_id,transactions,share
2,22379862,0.704028
1,9408462,0.295972
